name,phone,email,address
Phoebe Ramsey,1-833-234-1043,mauris.vel@protonmail.edu,4759 Adipiscing Ave
Merritt Marshall,(484) 543-5586,tellus.suspendisse@icloud.couk,"P.O. Box 765, 8147 Erat Rd."
Neil Cantrell,1-821-957-0187,eu.nulla@google.edu,567 Turpis Avenue
Coby Cain,(315) 833-8768,non.feugiat@yahoo.org,3707 Lacinia Street
Sasha Kane,(453) 558-8595,maecenas.libero@protonmail.com,8959 Nullam Rd.
Shelley Wilson,(276) 565-8317,aliquam.enim@google.ca,257-4117 Aliquam Street
Valentine Beach,(418) 761-5048,non.nisi@aol.edu,"P.O. Box 904, 5785 Proin Av."
Ray Wright,(784) 932-6468,sit.amet.risus@protonmail.com,Ap #871-6183 Nisi St.
Mohammad Tate,1-171-728-8642,lorem.luctus.ut@google.org,"P.O. Box 763, 1198 Auctor St."
Elijah Guthrie,(816) 972-6283,est.mauris.eu@yahoo.couk,724-1056 Gravida Avenue
Guinevere Mcintosh,(473) 807-2724,aliquet.lobortis.nisi@protonmail.ca,Ap #247-5115 Luctus Av.
MacKenzie Kramer,(237) 921-3551,cras.vehicula@protonmail.edu,"P.O. Box 924, 1896 Nec, Rd."
Miranda Henson,1-414-513-6739,nonummy.ut@google.org,635-4549 Pellentesque Rd.
Ainsley Cooke,1-367-277-2831,lorem.donec.elementum@hotmail.net,Ap #942-540 Interdum Street
Lesley Stuart,(813) 115-5164,augue@icloud.com,Ap #595-3513 Tempus Avenue
Lenore William,1-362-314-5278,a@yahoo.org,513-1671 In Rd.
Octavius Rodriguez,1-214-448-7637,nisl@icloud.com,Ap #105-7826 Elementum Street
Kaitlin Hyde,1-266-234-6273,lacus.quisque@google.net,"P.O. Box 587, 5408 Tristique Rd."
Gemma Irwin,1-131-216-2537,pharetra@icloud.edu,Ap #367-7980 Scelerisque Ave
Sebastian Gallagher,(115) 229-2639,phasellus@google.ca,"P.O. Box 964, 6638 Sit Av."
Ezra Barlow,(561) 296-3679,felis.ullamcorper@aol.net,"P.O. Box 530, 4685 Ligula. Avenue"
Kadeem Weaver,1-867-887-3127,ut.nulla@icloud.edu,Ap #701-6285 Auctor Street
Nasim Waller,1-611-251-3326,nisl@google.com,Ap #718-6243 Nibh. Rd.
Keely Carson,(870) 368-1404,vestibulum.ut@outlook.org,290-4452 Est. Road
Clementine Stanley,(646) 114-1826,adipiscing@outlook.couk,6077 Cursus St.
Stewart Hale,1-728-438-4432,duis@outlook.net,"P.O. Box 254, 8768 Ut St."
Cole Vincent,(469) 632-9368,rhoncus.id.mollis@icloud.org,"Ap #996-8276 Auctor, Road"
Indira Craft,1-975-632-1362,tempus@protonmail.ca,888-6377 Vestibulum St.
Malachi Barnett,1-352-766-3141,elit@hotmail.edu,"P.O. Box 786, 3328 Adipiscing. Road"
Kenneth Mendez,1-369-389-8829,donec@aol.com,Ap #374-721 Vehicula Rd.
Emma Osborn,1-959-332-5634,phasellus.libero.mauris@outlook.net,Ap #871-8988 Lorem Street
Willow Marshall,1-512-715-9441,sollicitudin@icloud.org,5331 Urna. Avenue
Darius Ramirez,1-998-878-6558,rhoncus.donec@google.com,"P.O. Box 115, 3510 Dui St."
Tobias Collier,1-628-614-2315,nec.tellus@protonmail.org,9470 Sed St.
Caesar Anthony,(811) 952-8162,fringilla.mi@aol.net,4306 Auctor Avenue
Denton Callahan,(787) 912-6136,sem.egestas@yahoo.edu,"612-6315 Tincidunt, St."
Mary Berry,1-111-335-7766,a.sollicitudin.orci@google.edu,"P.O. Box 244, 7143 Accumsan Road"
Dylan Cash,1-345-549-4628,nec.enim@outlook.couk,221-4312 Aliquam St.
Merritt Mcgowan,1-512-134-8349,molestie@outlook.net,9110 Penatibus St.
Brody Perez,1-572-211-3436,auctor.nunc.nulla@hotmail.ca,"501-6537 Placerat, Avenue"
Sage Phelps,1-777-609-9812,pede@hotmail.edu,Ap #118-1199 Lacus St.
Abraham Martin,1-779-844-2645,pede@hotmail.org,"Ap #232-2441 Vulputate, Ave"
Chase Pacheco,(230) 637-7253,nunc.ac@aol.edu,"P.O. Box 829, 8646 In Av."
Heidi Alford,(174) 447-2540,magna.ut@protonmail.net,Ap #304-7680 Aliquet Rd.
Buffy Jensen,1-444-425-2634,tristique.neque@outlook.org,Ap #222-6097 Fusce Street
Lance Velez,(641) 460-0641,nisi.aenean@protonmail.edu,1998 Magna. Ave
Iona Rosales,1-716-232-2814,facilisis.eget.ipsum@protonmail.com,"Ap #307-9967 Lobortis, Road"
Orson Hutchinson,1-583-453-5719,lorem.sit@protonmail.com,7324 Hendrerit Rd.
Emery Hull,1-577-315-1643,mollis.integer.tincidunt@outlook.net,Ap #894-3854 Interdum Avenue
Jacqueline Madden,1-378-845-4601,dui.suspendisse@google.org,455-1707 Tristique Rd.
Quynn House,1-861-490-7656,risus.donec.nibh@google.com,645-4643 Rutrum St.
Lee Hurst,1-179-987-2138,egestas@hotmail.com,8228 Magna Avenue
Signe Silva,(305) 855-2287,nam.porttitor.scelerisque@outlook.org,Ap #773-3618 Nisl. Rd.
Larissa Sims,1-395-382-7761,mi@protonmail.ca,8193 Velit. St.
Scott Lester,(507) 117-4607,neque.vitae@outlook.org,"P.O. Box 637, 6060 Euismod Rd."
Owen Flynn,(586) 601-6200,velit.quisque.varius@aol.org,126-4595 Lacinia. Ave
Whitney Weaver,(467) 488-3354,libero.proin.sed@hotmail.couk,5794 Aenean Rd.
Ella Marshall,1-825-707-3361,non.feugiat.nec@google.edu,Ap #976-7819 Sagittis Rd.
Hakeem Kirby,1-516-721-2447,viverra@hotmail.com,Ap #976-2770 Nunc Av.
Zahir Bell,(722) 655-8484,inceptos.hymenaeos@icloud.org,Ap #403-5934 Vivamus St.
Gareth Gray,(686) 861-3441,blandit.viverra@hotmail.ca,Ap #205-3541 Enim Av.
Abdul Hendrix,1-766-562-0857,laoreet.libero.et@protonmail.edu,462-161 Nisi Av.
Phyllis Webb,(450) 265-6107,sed.nec.metus@protonmail.org,9688 Cras St.
Bradley Grimes,1-271-615-7515,ac.nulla.in@aol.org,Ap #551-1378 Erat Rd.
Molly Kidd,1-449-635-1262,vehicula.pellentesque@outlook.org,Ap #638-7837 Eros Avenue
Jonah Summers,1-726-359-2626,amet@hotmail.couk,4517 Adipiscing Ave
Tyler Mccarthy,(412) 529-6312,at@outlook.edu,124-4315 Fusce St.
Frances Vaughan,(310) 257-1368,id.libero@hotmail.edu,286-4020 Maecenas Av.
Palmer Clarke,1-978-892-5252,senectus.et@hotmail.edu,"P.O. Box 280, 267 Et Avenue"
Savannah Kirkland,(221) 233-5545,nibh.aliquam.ornare@hotmail.net,6698 Venenatis St.
Orson Noble,(345) 352-7529,libero@protonmail.edu,Ap #198-231 Enim. Ave
Wang Potter,1-468-272-2792,tortor.dictum@aol.couk,170-7967 Morbi St.
Dieter Roach,(308) 785-8944,velit.cras@aol.net,1679 Pellentesque Road
Autumn Dennis,(477) 133-1981,curae.donec@google.org,142-7097 Integer St.
Rogan Serrano,(171) 385-5626,dapibus.ligula@outlook.net,Ap #737-7850 Vulputate Rd.
Chester William,(756) 742-1176,mauris.ipsum@protonmail.com,482-4847 Et St.
Quinlan Simpson,1-154-723-7581,nullam.suscipit@protonmail.ca,"P.O. Box 997, 8598 Tristique St."
Beck Dotson,(129) 584-8047,eget@outlook.ca,Ap #151-8566 Et Rd.
Thor Hatfield,1-954-268-8038,consequat.enim@aol.net,Ap #718-7405 Nec Avenue
James Lowery,(418) 266-2834,leo.vivamus@hotmail.couk,573-756 Euismod Road
Jared Franco,1-787-853-6552,nec.orci@google.net,"P.O. Box 398, 8164 Proin Avenue"
Uriel Ingram,(935) 869-2215,luctus.et@aol.couk,"457-7698 Lorem, Rd."
Holly Riley,(293) 352-5167,magna@outlook.net,Ap #576-4720 Nec Road
Urielle Hutchinson,(583) 527-6052,nec@hotmail.ca,Ap #745-1852 Nunc Road
Wesley Morrison,(281) 345-1819,aliquet.proin@outlook.org,624-2124 Fusce Avenue
Mari Olsen,1-811-668-2382,ligula@google.com,Ap #716-9978 Sed Av.
Suki Larson,(171) 210-3486,risus.quisque@outlook.couk,544-8807 Malesuada Avenue
Yeo James,1-872-866-6973,egestas.duis@yahoo.ca,629-319 Lobortis St.
Wang Ferguson,(342) 882-7204,nascetur.ridiculus.mus@outlook.com,Ap #104-4341 Diam Ave
Cailin Lewis,(628) 618-1648,lectus.a.sollicitudin@hotmail.net,696-6666 Tellus Av.
Sarah Hubbard,1-723-685-2284,vehicula.aliquet@outlook.com,"6520 A, St."
Tasha Cross,(892) 477-4334,ornare.sagittis@google.org,"Ap #672-3931 Id, Rd."
Bruce Simmons,(565) 675-5247,dapibus@hotmail.edu,"P.O. Box 233, 8609 Magna. Av."
Jayme Slater,(962) 884-8825,nibh@icloud.org,"680-4096 Ut, Ave"
Joelle Clark,(705) 351-6823,diam.eu@icloud.org,Ap #561-3326 Ante. St.
Bianca Burks,1-259-379-7569,interdum@icloud.com,Ap #945-9841 Ut Ave
Victoria Fry,1-464-377-6206,pharetra@hotmail.couk,425-2435 Tincidunt St.
Sonia Hill,1-283-505-7328,ultrices.duis.volutpat@icloud.com,"P.O. Box 897, 2529 Egestas Av."
Judah Lancaster,1-419-472-4084,est.ac@hotmail.ca,959-5616 Ante St.
Otto Lancaster,1-493-970-3664,eu.odio.phasellus@icloud.com,Ap #457-566 Mauris Ave
